epoch,time,train/box_loss,train/cls_loss,train/dfl_loss,metrics/precision(B),metrics/recall(B),metrics/mAP50(B),metrics/mAP50-95(B),val/box_loss,val/cls_loss,val/dfl_loss,lr/pg0,lr/pg1,lr/pg2
1,91.6724,0.38361,0.34446,0.99735,0.97265,0.96633,0.97411,0.9319,0.34681,0.35216,1.03863,5.95551e-05,5.95551e-05,5.95551e-05
2,180.023,0.40861,0.33798,1.01994,0.97511,0.9576,0.97972,0.93279,0.37357,0.35421,1.06404,0.000115287,0.000115287,0.000115287
3,269.053,0.44295,0.3343,1.03874,0.9766,0.98076,0.98771,0.92751,0.41592,0.34613,1.07979,0.000167082,0.000167082,0.000167082
4,357.178,0.44438,0.33652,1.03599,0.96332,0.98276,0.98629,0.92287,0.41904,0.36005,1.10868,0.000161279,0.000161279,0.000161279
5,445.495,0.46174,0.34008,1.05006,0.96813,0.97732,0.98327,0.92317,0.43747,0.36411,1.11888,0.000155372,0.000155372,0.000155372
6,533.827,0.45133,0.32949,1.04575,0.97073,0.97354,0.98687,0.92851,0.40177,0.32824,1.08374,0.000149465,0.000149465,0.000149465
7,621.765,0.45017,0.34395,1.04902,0.96366,0.97281,0.98556,0.92035,0.43066,0.33855,1.1169,0.000143558,0.000143558,0.000143558
8,709.379,0.45775,0.34853,1.05309,0.97256,0.96722,0.98583,0.92415,0.43037,0.35367,1.12667,0.000137651,0.000137651,0.000137651
9,797.401,0.43595,0.3384,1.03092,0.97245,0.9818,0.98933,0.94032,0.39771,0.31525,1.10388,0.000131744,0.000131744,0.000131744
10,886.647,0.42341,0.34033,1.0262,0.97059,0.97114,0.9813,0.93212,0.39307,0.35175,1.07439,0.000125837,0.000125837,0.000125837
11,975.363,0.42149,0.3121,1.02527,0.97485,0.97008,0.98448,0.93538,0.37392,0.35073,1.05999,0.00011993,0.00011993,0.00011993
12,1063.92,0.42181,0.3217,1.02544,0.9636,0.98104,0.9858,0.93778,0.37421,0.31976,1.0744,0.000114023,0.000114023,0.000114023
13,1152.73,0.4125,0.3117,1.01368,0.97925,0.97361,0.98652,0.94233,0.36607,0.34822,1.05417,0.000108116,0.000108116,0.000108116
14,1241.75,0.41109,0.31554,1.01764,0.97109,0.97566,0.9859,0.937,0.37903,0.34414,1.06196,0.000102209,0.000102209,0.000102209
15,1330.57,0.41118,0.29949,1.00938,0.97861,0.97768,0.98123,0.94556,0.35271,0.33999,1.03538,9.6302e-05,9.6302e-05,9.6302e-05
16,1420.02,0.40222,0.29642,1.00465,0.96853,0.98186,0.98359,0.94055,0.35892,0.35273,1.04046,9.0395e-05,9.0395e-05,9.0395e-05
17,1508.8,0.40639,0.31268,1.01606,0.97468,0.97705,0.98489,0.94125,0.33953,0.3371,1.02381,8.4488e-05,8.4488e-05,8.4488e-05
18,1597.51,0.39342,0.2987,1.00693,0.97224,0.98123,0.98246,0.94104,0.34638,0.32478,1.03752,7.8581e-05,7.8581e-05,7.8581e-05
19,1686.29,0.38818,0.29601,1.00134,0.97929,0.98007,0.9855,0.95051,0.3272,0.31623,1.01897,7.2674e-05,7.2674e-05,7.2674e-05
20,1775.56,0.36907,0.2814,0.98503,0.97331,0.98299,0.985,0.9517,0.3253,0.31412,1.01644,6.6767e-05,6.6767e-05,6.6767e-05
21,1871.83,0.29631,0.17782,0.91394,0.96015,0.9795,0.98212,0.93788,0.35753,0.32832,1.05934,6.086e-05,6.086e-05,6.086e-05
22,1959.92,0.28703,0.17115,0.91221,0.97091,0.96667,0.98413,0.94069,0.35415,0.32625,1.05709,5.4953e-05,5.4953e-05,5.4953e-05
23,2048.02,0.28008,0.16588,0.91495,0.97664,0.97783,0.97952,0.93895,0.33941,0.33019,1.03318,4.9046e-05,4.9046e-05,4.9046e-05
24,2136.99,0.27118,0.16105,0.89827,0.98041,0.97746,0.98028,0.9403,0.33342,0.32709,1.02172,4.3139e-05,4.3139e-05,4.3139e-05
25,2225.34,0.25945,0.15367,0.88526,0.97984,0.97601,0.98024,0.94064,0.33147,0.32925,1.02784,3.7232e-05,3.7232e-05,3.7232e-05
26,2314.01,0.25035,0.15226,0.88097,0.97843,0.97193,0.98152,0.94558,0.32926,0.3217,1.0266,3.1325e-05,3.1325e-05,3.1325e-05
27,2402.55,0.25,0.15038,0.88358,0.96884,0.97512,0.98139,0.94712,0.3214,0.32666,1.01328,2.5418e-05,2.5418e-05,2.5418e-05
28,2491.45,0.24352,0.14923,0.87855,0.97642,0.9769,0.98103,0.94688,0.32054,0.31762,1.00952,1.9511e-05,1.9511e-05,1.9511e-05
29,2580.04,0.23546,0.1453,0.87274,0.97741,0.97834,0.98102,0.94881,0.31253,0.31958,1.00439,1.3604e-05,1.3604e-05,1.3604e-05
30,2667.46,0.23569,0.14596,0.86699,0.97712,0.98028,0.98106,0.94776,0.30698,0.31475,1.00422,7.697e-06,7.697e-06,7.697e-06
